fixture_id,relative_audio_path,audio_sha256,expected_transcript_path,transcript_sha256,license_spdx,source_url,source_revision,redistributable,language_mode,language_tags,duration_ms,sample_rate_hz,channels,speech_style,acoustic_condition,language_mix,accent_evidence,voice_rights,classification,review_status
librispeech-dev-clean-1272-135031-0009,librispeech-dev-clean-1272-135031-0009.wav,11d6953d2a8ba28594088deee728160db098904fc3a539fafb49293ae3182af0,librispeech-dev-clean-1272-135031-0009.txt,4ba49561b8873d48254ec5f0f8ac99c3d0923bf40a4b7ea24838a2665d50f606,CC-BY-4.0,https://www.openslr.org/resources/12/dev-clean.tar.gz,42e2234ba48799c1f50f24a7926300a1,true,fixed:en,en,1910,16000,1,read,clean,monolingual,not-reviewed,corpus-license-reviewed,reviewed-public,approved
librispeech-dev-clean-2035-147960-0005,librispeech-dev-clean-2035-147960-0005.wav,76cb8619e52edd0f41f09e39d8216e6e9493dab7f14ec569ffa8df3869f0bc3c,librispeech-dev-clean-2035-147960-0005.txt,49063c08ada2efa3ddb57aa23c4d926432a30d18b7b2daded08ad6de49869612,CC-BY-4.0,https://www.openslr.org/resources/12/dev-clean.tar.gz,42e2234ba48799c1f50f24a7926300a1,true,fixed:en,en,6585,16000,1,read,clean,monolingual,not-reviewed,corpus-license-reviewed,reviewed-public,approved
librispeech-dev-clean-2035-147960-0013,librispeech-dev-clean-2035-147960-0013.wav,dc316e4958bfd11aab746235d4ff2693e27b7ae7e66a07280fba37a2da83218b,librispeech-dev-clean-2035-147960-0013.txt,cd5de63444ce71ea1fd88fe7a4e54be57e07f6d3c780fd9907192d8e0b406872,CC-BY-4.0,https://www.openslr.org/resources/12/dev-clean.tar.gz,42e2234ba48799c1f50f24a7926300a1,true,fixed:en,en,2675,16000,1,read,clean,monolingual,not-reviewed,corpus-license-reviewed,reviewed-public,approved
librispeech-dev-clean-2086-149214-0002,librispeech-dev-clean-2086-149214-0002.wav,ab0384813efed7e2c0ab54eed5e53e62f7093b2f4ba1ae586103bbf357a98721,librispeech-dev-clean-2086-149214-0002.txt,635259bd89c26cba853cac94753ea902a8fdf83cede89bed5da31a4dfa3a6662,CC-BY-4.0,https://www.openslr.org/resources/12/dev-clean.tar.gz,42e2234ba48799c1f50f24a7926300a1,true,fixed:en,en,16745,16000,1,read,clean,monolingual,not-reviewed,corpus-license-reviewed,reviewed-public,approved
librispeech-dev-clean-2277-149896-0000,librispeech-dev-clean-2277-149896-0000.wav,20e10e583b4918e05cea91316f7bde65a345d2756e64abc7f7ee133e2a0547f5,librispeech-dev-clean-2277-149896-0000.txt,f7c7410e2df49fe86c3e59ad7a3897e9b5fa2c8442025a51eec752a29ce8abb1,CC-BY-4.0,https://www.openslr.org/resources/12/dev-clean.tar.gz,42e2234ba48799c1f50f24a7926300a1,true,fixed:en,en,6590,16000,1,read,clean,monolingual,not-reviewed,corpus-license-reviewed,reviewed-public,approved
librispeech-dev-clean-2277-149896-0004,librispeech-dev-clean-2277-149896-0004.wav,32cba910e144ceba8155d8d82a591f20c307446708bf617a4fdfe4c3db98c6f0,librispeech-dev-clean-2277-149896-0004.txt,c660bb39b5ea230fb8a9b0b26b4bd22cd5bda0f17b67a85da6ca7ba23f6a1486,CC-BY-4.0,https://www.openslr.org/resources/12/dev-clean.tar.gz,42e2234ba48799c1f50f24a7926300a1,true,fixed:en,en,1955,16000,1,read,clean,monolingual,not-reviewed,corpus-license-reviewed,reviewed-public,approved
fleurs-hi-in-dev-1656-4006648279216781989,fleurs-hi-in-dev-1656-4006648279216781989.wav,4adf0a74332aa66a97caa6cfe454e729df83e1f162f1aa8392f44416e34ddcb8,fleurs-hi-in-dev-1656-4006648279216781989.txt,4ae79facb0b863dd4e72b828c07af475e7b7ec9804c6884401c5108281463ca4,CC-BY-4.0,https://huggingface.co/datasets/google/fleurs/resolve/4683b04af03d2d9549064c7d72060a9a94bb6046/data/hi_in/audio/dev.tar.gz,4683b04af03d2d9549064c7d72060a9a94bb6046,true,fixed:hi,hi,3600,16000,1,read,uncharacterized,monolingual,not-reviewed,corpus-license-reviewed,reviewed-public,approved
fleurs-hi-in-dev-1652-1487893749760096307,fleurs-hi-in-dev-1652-1487893749760096307.wav,a85a23e8a468d39779b5436ccd31b3d689cc859bfc6ae468fae74bfc7839135a,fleurs-hi-in-dev-1652-1487893749760096307.txt,a89254e1502d4704b38a89dae0d01385afdd89651d067451fd98034c44d720b7,CC-BY-4.0,https://huggingface.co/datasets/google/fleurs/resolve/4683b04af03d2d9549064c7d72060a9a94bb6046/data/hi_in/audio/dev.tar.gz,4683b04af03d2d9549064c7d72060a9a94bb6046,true,fixed:hi,hi,4440,16000,1,read,uncharacterized,monolingual,not-reviewed,corpus-license-reviewed,reviewed-public,approved
fleurs-hi-in-dev-1624-386806656898138188,fleurs-hi-in-dev-1624-386806656898138188.wav,66ffb7dd88c48439485ba74172989f5dcc5464a91d8092e927914beadbad625e,fleurs-hi-in-dev-1624-386806656898138188.txt,e3cd86855da953a2de12d63c3547869874c7628f6755da3a94b06f679790b667,CC-BY-4.0,https://huggingface.co/datasets/google/fleurs/resolve/4683b04af03d2d9549064c7d72060a9a94bb6046/data/hi_in/audio/dev.tar.gz,4683b04af03d2d9549064c7d72060a9a94bb6046,true,fixed:hi,hi,6180,16000,1,read,uncharacterized,monolingual,not-reviewed,corpus-license-reviewed,reviewed-public,approved
fleurs-hi-in-dev-1651-13604489588914590815,fleurs-hi-in-dev-1651-13604489588914590815.wav,64e64ce73c3bc813f53cc8ff05d8da9fc38b62d573035daf498507ef2320c299,fleurs-hi-in-dev-1651-13604489588914590815.txt,82a378f03afb6e79bc86f5ba0d64ec92a24a2749f92985d0eafd744ba07ad8bd,CC-BY-4.0,https://huggingface.co/datasets/google/fleurs/resolve/4683b04af03d2d9549064c7d72060a9a94bb6046/data/hi_in/audio/dev.tar.gz,4683b04af03d2d9549064c7d72060a9a94bb6046,true,fixed:hi,hi,8460,16000,1,read,uncharacterized,monolingual,not-reviewed,corpus-license-reviewed,reviewed-public,approved
fleurs-hi-in-dev-1644-4200211763915509320,fleurs-hi-in-dev-1644-4200211763915509320.wav,ba8b1548f7041cbbe957298b47048794c3920926c79ce508d2be173146c14a75,fleurs-hi-in-dev-1644-4200211763915509320.txt,b3f7271e381bdfcc0471ca2fb37856c859f3625996c72a8283ae2992889114ae,CC-BY-4.0,https://huggingface.co/datasets/google/fleurs/resolve/4683b04af03d2d9549064c7d72060a9a94bb6046/data/hi_in/audio/dev.tar.gz,4683b04af03d2d9549064c7d72060a9a94bb6046,true,fixed:hi,hi,12000,16000,1,read,uncharacterized,monolingual,not-reviewed,corpus-license-reviewed,reviewed-public,approved
